"Hi, my name is Emma Thompson, and I have forgotten the password for my email account. It's emmathompson95@gmail.com."
"Hello, my name is Alex Johnson, and I need to update my address. My new address is 123 Apple Street, New York City, NY 10001."
"Hi there, I'm Chris Evans and I need to reset the passcode for my online banking. My bank account number is 569741285 and I'd like to set a new passcode."
"Good morning, my name is Emily Roberts. I need assistance with updating the expiration date on my credit card. The card number is 4567890123456789 and it expires in January next year."
"Hey, I'm James Davis and I can't remember the zip code for my billing address. It's 90210."
"Hi, my name is Sophia Adams and I'm having trouble accessing my online account. My date of birth is June 15th, 1990."
"Good afternoon, this is Olivia Wilson. I would like to change the phone number associated with my account. It's currently 555-123-4567 and I'd like to update it to 555-987-6543."
" Hello, I'm Liam Martinez and there's an error with the transaction that occurred on July 5th from my bank account (account ending in 0612). Can you help resolve this issue?"
"Hi there, my name is Mia Wilson and I can't remember my passport number for a flight booking. The passport number is A1234567."
"Hey, I'm Noah Jackson and I would like to add an additional email account to my profile. The email address is noahjackson81@yahoo.com."
"Good afternoon, this is Ava Anderson and I'm having trouble logging into my online banking account. My username is avaanderson20."
"Hi, I'm Ethan Murphy and I need assistance updating my phone number. The new number is 555-789-1234."
"Hello, my name is Isabella Carter and I seem to have misplaced my credit card. The card number is 9876543210987654."
"Hi, I'm Benjamin Davis and I need to change the delivery address for my recent order. The new address is 321 Main Street, Los Angeles, CA 90001."
"Hey there, this is Mia Johnson and I need help resetting the passcode for my phone. It's a Samsung Galaxy and the IMEI number is 123456789012345."
"Good morning, my name is Olivia Turner and I need assistance with updating my email address on file. The new email address is oturner25@outlook.com."
"Hi, I'm William Anderson and I recently moved to a new address. It's 456 Elm Lane, Chicago, IL 60601."
"Hello, this is Sophia White and I need to update the payment method for my monthly subscription. The account number associated with it is 0987654321."
"Hi there, my name is Liam Lee and I believe someone may have accessed my bank account without authorization. What steps should I take?"
"Hey, this is Mia Thomas and I need to change the passcode for logging into my work computer. The current passcode is 1357."
"Good afternoon, I'm James Clark and I received a error notification stating an issue with my recent credit card transaction (card ending in 7890). Can you assist me?"
"Hi there, this is Olivia Harris and I need to update the billing address on my account. The current address is 789 Maple Avenue, San Francisco, CA 94102."
"Hi, my name is Noah Walker and I'm having trouble remembering the expiration date for my driver's license. It's NY123456789."
"Hello, I'm Ava Rodriguez and I need assistance updating the address for my online profile. The new address is 567 Oak Street, Miami, FL 33101."
"Hey there, I'm Benjamin Lewis and I can't seem to find the confirmation email for my recent hotel reservation. It should be under blewis55@zoho.com."
"Good morning, my name is Isabella Mitchell and I accidentally locked myself out of my social media account. The username is izzy24 and the password has a combination of letters and numbers."
"Hi, I'm William Perez and I need to reset the PIN for my credit card. It's a four-digit number, but it's not 1234 or 9876."
"Hello, this is Mia Rivera and I'm having trouble accessing my online shopping account. The account email address is miarivera98@gmail.com."
"Hi, I'm Benjamin Scott and I need to update my phone number in the company's database. The current phone number is 555-246-8101 and I'd like to change it to 555-369-7530."
"Hey there, my name is Olivia Ward and I need to change the email address associated with my account. The current email address is oliviaward22@yahoo.com and I'd like to update it to oliviaward33@outlook.com."
"Good afternoon, I am Noah Davis and I believe there may be fraudulent activity on my bank account (account ending in 4578). Can you help me with this?"
"Hi, this is Ava Martin and I can't find my driver's license. The license number is AC1234567."
"Hello, I'm Liam Adams and there seems to be a discrepancy in my recent credit card statement (card ending in 1839). Can you assist me in resolving this issue?"
"Hi there, my name is Mia Turner and I can't seem to access my online tax filing account. The username is mia_turner1958."
"Hey, I'm Noah Campbell and I need help recovering my password for the employee portal. It's a combination of letters, numbers, and special characters."
"Good morning, this is Ariana Ward and I need to change the shipping address for my recent online order. The new address is 789 Pine Street, Seattle, WA 98101."
"Hi, I'm Jackson Thompson and I forgot the passcode for my phone voicemail. The phone number is 555-312-9876."
"Hello, my name is Scarlett Parker and I need assistance updating the email address associated with my loyalty account. The current email address is scarlettparker12@gmail.com and I'd like to change it to scarlettparker34@yahoo.com."
"Hi there, I'm Benjamin Green and I need to link my new bank account to my online trading platform. The new account number is 598751324."
"Good afternoon, this is Emily Davis and I need to update the contact information for my home insurance policy. The policy number is H123456789."
"Hey, my name is Oliver Wilson and I need help recovering my password for my online gaming account. The username is oliver90 and the email address associated with it is oliverw90@gmail.com."
"Good morning, I'm Sophia Martinez and I need assistance updating the expiration date on my debit card. The card number is 7890123456789012 and it expires in November next year."
"Hi, this is James Ramirez and I can't remember the zip code for my new office address. It's 10022."
"Hello, I'm Mia Flores and I need to reset the passcode on my tablet. It's a six-digit number, but it's not a easily guessable sequence like 123456 or 987654."
"Hi there, this is Olivia Phillips and I need assistance retrieving my passport number for a visa application. The passport number is AB987654."
"Hey, my name is Noah Lopez and I would like to add an additional phone number to my contact information. The phone number is currently 555-789-1234 and I'd like to add 555-321-9876."
"Good afternoon, I'm Ava King and there's an error with the transaction that occurred on June 10th from my savings account (account ending in 1234). Can you help resolve this issue?"
"Hi, I'm Benjamin Alexander and I'm having trouble finding my passport for an upcoming international trip. The passport number is A98765432."
"Hello, this is Mia Watson and I need to update the billing address on my credit card. The current address is 321 Oak Drive, San Diego, CA 92101."
"Hi there, my name is Oliver Brooks and someone may have gained unauthorized access to my email account. Can you guide me in securing it?"
"Hey, I'm Sophia Evans and I need assistance resetting the PIN for my bank card. It's currently a four-digit number ending in 5."
"Good morning, my name is James Rodriguez and I need help changing the email address associated with my social media account. The current email is james.rodriguez2020@gmail.com and I want to update it to james.rodriguez2021@yahoo.com."
"Hi, I'm Emily Lewis and there's an issue with the address on file for my package delivery. It's currently 123 Maple Street, but it should be 456 Elm Avenue."
"Hello, this is Liam Adams and I'm having trouble retrieving my password for my online shopping account. The email address associated with it is liamadams35@yahoo.com."
"Hi there, my name is Mia Gray and I need assistance updating my employer information on file. The account number is E789012."
"Hey, I'm Oliver Martinez and I lost my wallet which had my driver's license in it. The license number is NY9876543210."
"Good afternoon, this is Sophia Turner and I received an alert about unusual activity on my credit card (card ending in 2468). Can you help me investigate this?"
"Hi, I'm James Thompson and there seems to be a mistake on the final bill for my electricity consumption at 123 Pine Street. Can we look into this together?"
"Hello, my name is Emily Murphy and I need assistance updating the email address associated with my online rewards account. The current email address is emily.murphy99@gmail.com and I'd like to change it to emily.murphy22@outlook.com."
"Hi there, I'm Olivia Robinson and I believe someone may have accessed my bank account without permission. Can you assist me in securing it?"
"Hi, I'm John Smith. My email address is johnsmith@gmail.com and can you please help me with my account balance?"
"Hello, I'm Amy Johnson from Los Angeles. My DOB is 04/25/1988 and I need to update my address."
"Hey there, my name is David Brown. My zip code is 60619 and I'm having trouble accessing my online banking."
Good day! This is Emily Davis calling from Houston. My passport number is S6789123A and I need help with account verification.
"Hi, I'm Michael Wilson. My account number is 46381906530248, and I would like to speak to someone about a transaction dispute."
"Hi, it's Jennifer Rodriguez here. My email ID is jenniferrod34@yahoo.com and my credit card has been stolen."
"Hello there, I am Alex Edwards and I can't remember the password for my online banking account linked to DOB - 10/15/1992."
"Hey, this is Emma Smith from Seattle. Can you assist me in updating the name associated with my zip code - 98006?"
"Hi, my name is Daniel Johnson and my current home address is in San Francisco, zip code 94109."
"Good morning, Jane Williams here! My email is janew321@outlook.com - and I am facing issues with transferring money between different accounts."
"Hey, Ryan Thompson calling about resetting my password for online banking accessed via zip code - 11226."
Hello! My name is Olivia Miller and I can't withdraw any money from my bank account using ATM card ending with numbers 1234.
"Hi there, Paul Davis speaking! Could you please update the phone number associated with my account, ending in 9074."
"Hi, this is Sophia Robinson reaching out. I seem to be locked out of my online payment account linked with SSN - 555-45-6789."
"Hello, this is Matthew Garcia in need of assistance regarding a declined transaction with my credit card ending in 9876."
"Good morning, Vanessa Green here. My account balance doesn't seem to reflect the recent deposits."
"Hey there, Aaron Turner from Miami calling about an unrecognized charge on my debit card ending in 6578."
Hi! Isabelle Mitchell here. Can you please change my mobile number linked to my checking account using my provided birthdate - 12/19/1984?
"Greetings, this is Andrew Taylor with a query regarding a failed fund transfer involving my account starting with bold number - 145."
"Hello, it's Abigail Martinez from Phoenix. I'm not able to send money through the mobile app using my bank routing number - 05100499."
"Hey, Nathan Reed here! Can you guide me on the process to link my new credit card to my existing account with you?"
"Hi, this is Chloe Wood in search of details about a recent transaction on my credit card billed address instantly earning upgrades_p+""\n""."
"Good afternoon! Dylan Cook on call, reporting an error during an attempted bill payment via automated system using last four digits - 3579."
"Good day, Amelia Price speaking! I believe there is fraudulent activity on my account regarding a transfer with account number - 7890235649."
"Hi there, I'm having trouble with my new purchase. My phone number is (503) 555-1234."
Good afternoon! I'm calling to inquire about the service in my area. You can reach me at 876-345-1234.
"Hello, I need assistance with my account. You can reach me at 555-678-9012."
"Hi, how may I escalate an issue? Please call me at (814) 276-5901."
"Hi, I have a billing inquiry. Please contact me at 345-721-9087."
"Good day, I'm experiencing network issues in my area. My number is (918) 555-8765."
"Hello, I need to update my shipping address. Please call me at 347-643-9021."
"Hi, I'm encountering an error with my online account. You can reach me at 5551237890."
Good morning! I have a technical problem with my device. Kindly contact me at 281-576-9302.
"Hello, I have a question about your latest promotion. My phone number is 456-837-1293."
"Hi there, I'm having trouble with my internet connection. Please contact me at (345) 678-9123."
Good afternoon! I would like to inquire about your warranty policy. You can reach me at 279-486-2357.
"Hello, I need assistance with transferring my service. Call me at 9235042385."
"Hi, I'm having trouble accessing my online account. Please call me at 5733219876."
"Hi, I have a query regarding my recent order. You can contact me at (718) 349-0345."
"Good day, I'm interested in upgrading my current plan. My phone number is 324-294-7018."
"Hello, I just received a damaged product. Please call me at 987-654-3120 for further assistance."
"Hi, can you help me unlock my device? Please reach me at (536) 942-0182."
Good morning! I have a question about your store timings. You can contact me at 294-503-8720.
"Hello, I need to schedule a technician appointment. Call me at 976-409-2850."
"Hi there, I'm having issues with my data connection. My phone number is (653) 432-0987."
Good afternoon! I'd like to change my billing preferences. You can reach me at 328-571-9024.
"Hello, I need assistance with setting up my device. Please give me a call at 3795046325."
"Hi, I have a query about my recent invoice. Please call me at 5089432720."
"Hi, I need instructions on how to return a product. You can contact me at (245) 983-4201."
"Good day, I'm interested in your international calling plans. My phone number is 7254386902."
"Hello, I have a concern regarding my data usage. Please call me at 960-783-4521."
"Hi, I'm experiencing poor call quality in my location. Contact me at (758) 304-9283."
"Hello, I'd like to add another line to my account. Please reach me at 8093572461."
"Hi, I'm unable to login to my online account. My phone number is 279-215-3450."
Good morning! I have a question about your return policy. Please call me at 740-420-6729.
"Hello, I need support with activating my device. You can contact me at 5028743971."
"Hi, I would like to inquire about your coverage in rural areas. You can reach me at 503"
"Hi, my name is Emma Thompson and I need help with updating my email address in your system."
"Hello, my name is Alex Johnson and I would like to change my address on file to 123 Main Street, Los Angeles, 90001."
"Hi there, this is Sarah Anderson. I need assistance in resetting my password for my online banking account."
"Hey, this is James Smith. My date of birth is May 15th, 1985 and I'm having trouble accessing my account."
"Hi, it's Olivia Hernandez. I'm locked out of my email and I need help in recovering it."
"Hello, I am Jacob Lee and I need to speak with someone regarding my credit card statement."
"Hi, my name is Mia Davis and I'm facing some issues with my online account activation."
"Hey there, this is Ethan Wilson. Can you assist me in updating the phone number associated with my account?"
"Good day, my name is Isabella Garcia and I can't seem to find my passport. Can you check if it was returned to your office?"
"Hi, it's Liam Martin here. I'm trying to transfer funds from a different bank but it's asking for a passcode that I don't remember setting up."
"Hello, my name is Sophia Thompson and can you please send me a link to reset my email password?"
"Hi there, this is Benjamin Wright and I have recently moved to a new address at 456 Oakwood Drive, Chicago, 60616."
"Hey, it's Emily Martinez calling to inquire about a recent charge on my credit card that I don't recognize."
"Hi, this is Michael Robinson and can you provide me a breakdown of my last three transactions in the past month?"
"Hello, it's Ava Lewis here and I'm afraid that my account might have been compromised. Can you help me reset my password?"
"Hi, my name is Elijah Adams and I wanted to check the balance on my savings account."
"Hi there, this is Harper Turner. I recently got married and need to change my last name on my account."
"Hey, this is Scarlett Rodriguez and I forgot the answer to my security question to reset my email password."
"Hello, I am Jackson Morgan and I am unable to complete the online banking registration due to an error."
"Hi, it's Madison Bell here. I just received a suspicious email asking for my bank account details, should I be concerned?"
"Hi there, this is Aiden Murphy and I need help in updating my profile information including my phone number."
"Good day, this is Zoe Alexander contacting you about a lost ATM card that needs to be cancelled immediately."
"Hello, it's Caleb King here. Can you clarify the policy regarding international wire transfers from my account?"
"Hi, it's Scarlett Reed here and I believe there was an error with one of my recent debit card transactions."
"Hey there, this is Savannah Mitchell and it seems that my online banking account has been locked after too many failed login attempts."
"Hi, this is Christopher Wright reaching out to report a fraudulent charge on my credit card statement."
"Hello, my name is Victoria Diaz and there's an unrecognized transaction on my debit card statement."
"Hiya, it's Grayson Rivera here and can you confirm if all of my personal details are up to date in your system?"
"Hi, this is Dylan Davis and I would like to update the email address associated with my account."
"Hey there, this is Leah Foster contacting you in regards to a discrepancy in my recent bank statement."
"Good day, it's Mateo Coleman here and I need help with adding a new beneficiary for international transfers."
"Hi, this is Grace Sanders and I'm having trouble logging into my email account. Can you assist in recovering it?"
"Hey, my name is Jack Barnes and I need to update my billing address to 789 Elmwood Road, New York, 10010."
"Hello, this is Lily Phillips and my account was recently locked as I forgot my password. Can you help me reset it please?"
"Hi there, it's Luke Perry here. I just received an email asking me to confirm my bank account details. Is this from your company?"
"Hello, this is Layla Richardson reaching out about a charges dispute on my credit card bill."
"Hi, my name is Aaron Peterson and it seems that there has been some unauthorized activity on my online banking profile."
"Hey there, this is Ellie Edwards and I accidentally locked myself out of my email account while trying to change the password."
"Hi, this is Nicholas Brooks here and I need assistance in restoring access to my online account."
"Hi there, it's Chloe Turner calling to report a stolen credit card and request a replacement."
"Hello, my name is Gabriel Hayes and I'm having trouble linking my bank account to another online service."
"Good day, it's Maya Simmons here and I would like to add an additional security question to my online profile."
"Hi, this is Henry Evans requesting a new debit card as mine was lost or misplaced."
"Hey there, this is Peyton Griffin and I'm unable to access the emails in my inbox despite entering the correct password."
"Hello, it's Elena Bell here. Can you assist me with changing the primary phone number associated with my account?"
"Hiya , it's Oliver Campbell here looking for assistance in updating my personal information on file with your company."
"Hi, this is Lucy Collins reaching out to report a discrepancy between the billed amount and the actual charged amount on my credit card statement."
"Hey, my name is Wyatt Rivera and someone I don't know has sent an email from my account. Can you verify its origin?"
"Hello, it's Penelope Watson here and I would like to request a copy of my recent bank statement for alternate purposes."
"Good day, this is Isaiah Hughes and I am having difficulty accessing my online account due to a forgotten password."
"Hi, I need some assistance with my account. My phone number is (456) 789-1234."
I forgot my password for the online portal. My phone number associated with the account is 890-456-1237.
I'd like to update my address on file. My new phone number is 3459872315.
"Hello, I'm having trouble accessing my account. Can you please help? My phone number is 4243671398."
I lost my email address that was linked to my account. Can you update it for me? My phone number is 4398762153.
"Hi, I can't seem to log in to my account, and I think it may be a problem with my phone number. It's 8713298654."
"Excuse me, I need assistance resetting the security settings for my account. My phone number is (823)180-4951."
"Hi there, I need to update my email address that's associated with my profile. My phone number is 3405628974."
Is there any way you can help me recover my account based on my phone number? It's (573)902-3415.
"Hello, my phone number has changed since the last time I updated my account information. It's now 8129876543."
I keep getting an error message whenever I try to change my password on the website portal. My number is 3284910726.
Could you please assist me in updating my mailing address? Here's my phone number: 3142789056.
"Hey, I'm having trouble logging in online, even after following the password reset instructions on the website. My phone number is 2917634058."
"Hi, I need to make a change to the billing address on my account. My phone number is 8723491783."
I need my email address to be updated because I can no longer access the old one. The new number is 9028645132.
Can you help me recover my account using my phone number? It's (743)501-2498.
"Hi, I'm locked out of my account and unable to reset my password. My phone number is 3946816570."
I believe I've been locked out of my account due to too many failed login attempts. My number is 7618235094.
"Hi, I'd like to update both my phone number and email address associated with my account. It's currently listed as (682)917-3045."
"I think there might be a discrepancy with the date of birth attached to my profile, can you check for me? My phone number is 2038956714."
"Hello, I can't seem to access my account and was wondering if you could assist me. My phone number is 917-234-5678."
"Hi, I forgot my password and I'm having trouble resetting it. My phone number associated with the account is 123-456-7890."
"I need to update my address on file, can you help? My new phone number is 555-123-4567."
"Excuse me, but I seem to have misplaced my email address for the account. Can you update it for me? My phone number is 987-654-3210."
"Hi, I can't log in to my account and I suspect it's an issue with my phone number. It's 8056324891."
Is there any way you can reset the security settings on my account? My phone number is (213)987-6543.
"Hi, I need to update the email address that's associated with my profile. My phone number is 408-765-4321."
I seem to have forgotten the password to my account and I'm unable to retrieve it through the website. Can you assist me? My phone number is 9493685741.
Can you help me recover my account based on the phone number listed there? It's (415)989-6543.
"Hi there, just wanted to inform you that I've updated my phone number since the last time I updated my account information. It's now 7024879654."
"For some reason, whenever I try changing my password through the website, I receive an error message. My number is 9183409502."
"Excuse me, but could you assist me with updating my mailing address on file? Here's my phone number: 4809023847."
"Hey, I've been trying to log in to my account online and it's been giving me a continuous error. The phone number linked to it is 6282047863."
"Hi, I need to make a change to the billing address on my account. Just want to update my phone number as well: 6318957048."
"I recently changed my email address, so could you please update it on my account? My phone number remains the same: 7021948365."
I need assistance recovering my account using the information that's associated with my phone number. It's (619)482-9370.
"Hi, it seems that I've been locked out of my account due to multiple failed login attempts. My number is 8721156953."
"I think there might be an error with the date of birth saved on my profile, can you correct it for me? My phone number is 2089503176."
"Hello, I'm having issues with the two-factor authentication through email, could we verify using my phone number instead? The number is (407)307-8964."
I can't seem to access my account and I believe it might be due to a change in my phone number. It's now 5734291876.
"Hi, I'm having trouble logging in to my account and was hoping you could help. My phone number is (987) 654-3210."
I forgot my password and am unable to reset it. The phone number associated with my account is 456-789-1234.
I recently moved and need to update my address on file. My new phone number is 890-123-4567.
"Excuse me, but I accidentally deleted the email address linked to my account. Can you please update it for me? My phone number is 234-567-8901."
"Hi, I'm unable to log in to my account and think there might be an issue with my phone number. It's 5673218901."
I believe there's a problem with the security settings on my account. Can we fix it? The phone number is (321) 890-5674.
"Hello, could you help me update the email address associated with my profile? My phone number is 678-901-2345."
I've forgotten my password and am having trouble getting a new one through the website. Can you assist me? My phone number linked to the account is 098-765-4321.
Is there a way to recover my account using the phone number listed on it? It's (753) 520-4918.
"Hi there, I recently changed my phone number since the last time I updated my account information. It's now 6132948576."
I keep receiving an error message when attempting to change my password on the website portal. My number is 3591867420.
"Excuse me, may I ask for help in updating my mailing address on file? Here's my phone number: 6589310742."
"Hey, I'm running into trouble with the password reset process on the website. My phone number is 7210368495."
"Hi, I need to make changes to the billing address associated with my account. My phone number is 2765439081."
There was a change in my email address and I need to update it on my account. My phone number stays the same: 6472859034.
Can you please assist me in recovering my account using my phone number? It's (481)542-0967.
"Hi, it appears that I've been locked out of my account due to multiple unsuccessful login attempts. My number is 9352841076."
"I suspect there might be an error with the date of birth in my profile, could you double-check for me? My phone number is 2379461085."
"Hello, I'm having issues with the email confirmation for my two-factor authentication. Can we verify through my phone number instead? The number is (259)683-7514."
I can't access my account and believe it might have something to do with a recent change in my phone number. It is now 6820453912.
"Hi, I'm having trouble accessing my account. Could you assist me with that? My phone number is (876) 543-2109."
I can't remember my password and the password reset isn't working. The phone number associated with my account is 543-210-9876.
I've moved recently and need to update my address. My new phone number is 901-234-5678.
"Excuse me, but I accidentally deleted the email linked to my account. Can you update it? My phone number is 234-567-8901."
"Hi, I'm unable to log in to my account and I think there's a problem with my phone number. It's 5670983214."
I'm having trouble with the security settings on my account. Can you please fix it? My phone number is (765) 890-1234.
"Hello, can you help me update the email address associated with my profile? My phone number is 901-234-5678."
I've forgotten my password and am unable to reset it through the website. Can you help me? My phone number is 890-123-4567.
Is there a way to recover my account using the phone number tied to it? It's (214) 365-7890.
"Hi, I recently changed my phone number since I last updated my account details. It is now 751Katana5273."
"Hi, I need help with updating my email address. My current email address is johndoe123@gmail.com."
"I want to change my date of birth on file. It should be September 14, 1985."
Could you assist me in updating my zip code? It should reflect 90210.
"I need to update my bank account information, the number is 7654321098."
I forgot my passcode to logging into my online account. Can you assist me in resetting it?
Is it possible to change my password for the website? My current password is ilikepie123.
There seems to be an issue with my passport number. The number is AB1234567.
Can you assist me in removing my Personal Identification Number from my online account?
"I need help in changing the password for my email address, which is johndoe42@yahoo.com."
"My account number for the newsletter subscription is 5678904321, can you confirm that it is correct?"
"There appears to be an issue with the date of birth on my profile. It should be October 26, 1990."
Could you please update the zip code on file? It should be changed to 60601.
I'm unable to login to my online banking account as I forgot my passcode.
I want to update my password for the online store account I have with your company.
"The passport number on my travel reservation is AC9876543, can you confirm that it's accurate?"
I need assistance in removing the Personal Identifying Number from my account settings.
Can you help me recover access to my email account? The address is janedoe789@zoho.com.
"I want to change the bank account associated with my subscription, the new account number is 5432109876."
"I noticed that the date of birth on my profile is incorrect. It should be May 30, 1987."
Could you please update my zip code to 94536? That's the correct one.
I can't remember the passcode for my online account. Is there any way we can reset it?
I would like to change my password for the company's website. Is that possible?
There's a mistake with my passport number on the rental car reservation. It should be XY1234567.
I believe there is a Personal Identifying Number linked to my account that I would like to have removed.
Can you help me recover my email password? The email address is james.smith15@outlook.com.
"I would like to update the bank account details for my subscription, the new account number is 9876543210."
"The date of birth on my profile isn't accurate. It should be July 4, 1992."
"Can you please change my zip code to the correct one, which is 94107?"
I am having trouble remembering the password for my online banking account.
I want to change the password for my account on your company's website.
The passport number on my flight reservation doesn't match the one on my identity document. The correct passport number is JK9876543.
Is it possible for someone to remove the Personal Identifying Number from my account settings?
I'm locked out of my email account and I can't remember my password. Can you assist me in recovering it?
"Could you please update my bank account information for the subscription, with the new number being 1234509876."
"The date of birth listed on my profile is incorrect. It should be January 1, 1995."
My zip code is showing incorrectly on my account details. It should be changed to 94110.
I forgot the passcode for my online account. How can I reset it?
Can you guide me on changing the password for my login on your website?
The passport number on my travel reservation is not accurate. It should be LM1234567.
There seems to be a Personal Identifying Number associated with my account that I did not set up.
"I'm having trouble accessing my email account, which is maryjohnson87@hotmail.com, because I forgot my password."
Could you update my bank account details for the subscription? The new account number is 6543210987.
"The date of birth on my profile is wrong. It should be November 20, 1988."
My address on file has the wrong zip code. It should be changed to 90210 instead.
I seem to have forgotten the passcode for logging into my account. How can I reset it?
I want to change the password for my profile on the company's website.
The passport number on my hotel reservation doesn't match the one on my identification document. It should be PQ9876543.
Can you please help me in removing any Personal Identifying Number from my account?
I am unable to recover access to my email account as I have forgotten my password. The email address is sarah.miller12@zoho.com.
"I need assistance in updating the bank account details for my subscription, with the new account number being 5432109876."
"The date of birth on record isn't correct. It should be August 15, 1993."
Could you please update my zip code in the system? It should reflect 60610.
I'm having trouble recalling my passcode for the online account. Can you help me reset it?
I want to change the password for my account on your website.
The passport number on my flight reservation is incorrect. It should be RS1234567.
I noticed a Personal Identifying Number associated with my account that I did not set up.
I've been locked out of my email account and cannot remember the password. The email address is johnsmith45@yahoo.com.
"I would like to update the bank account details for the subscription, with the new account number being 9876543210."
"The date of birth currently listed on my profile is not accurate. It should be February 10, 1997."
"Could you please update my zip code to reflect the correct one, which is 90212?"
I can't remember the passcode for logging into my online banking account. How can I reset it?
I want to change the password for my login on your company's website.
The passport number on my hotel reservation doesn't match the one on my passport document. It should be TU9876543.
Can you please assist me in removing any Personal Identifying Number associated with my account?
I seem to have forgotten my email password and am unable to access the account. My email address is davidwilson123@outlook.com.
Could you update the bank account information for the subscription? The new account number is 1234567890.
"The date of birth displayed on my profile isn't accurate; it should be April 5, 1989."
Please update my zip code in your system to reflect 60611 instead of the current one.
I can't remember the passcode for my online account. How can I reset it?
I need assistance in changing the password for my profile on your company's website.
The passport number on my travel reservation is incorrect. It should be VW1234567.
I recently noticed a Personal Identifying Number within my account settings and I didn't set it up.
I'm having trouble accessing my email account as I forgot the password. The email address is amyjones23@gmail.com.
Can you update my bank account details for the subscription? The new account number is 5678901234.
"The date of birth currently displayed on my profile is not accurate; it should be March 1, 1991."
"Would you please change my zip code to reflect the correct one, which is 98101?"
I forgot the passcode for logging into my online banking account. Can you help me reset it?
I am interested in changing the password for my login on your website.
The passport number on my flight reservation isn't accurate; it should be WX1234567.
I believe there is a Personal Identifying Number linked to my account that I did not authorize.
I can't seem to recover access to my email account as I have forgotten my password. My email address is kevinbrown34@yahoo.com.
"Please update the bank account details for the subscription to reflect the new account number, 9876543210."
"The date of birth listed on my profile isn't correct; it should be August 18, 1994."
"Could you please update my zip code to reflect the correct one, which is 94607?"
I'm locked out of my online account because I don't remember the passcode; how can I reset it?
Can you guide me on changing the password for my account on your website?
The passport number on my hotel reservation doesn't match the one on my passport document. It should be YZ1234567.
I noticed a Personal Identifying Number associated with my account that I don't remember setting up.
I am currently unable to recover access to my email account because I forgot my password. My email address is laurawilson56@gmail.com.
Can you help update my bank account details for the subscription? The new account number is 4567890123.
"There seems to be a mistake with the date of birth on my profile. It should be January 24, 1996."
The zip code currently listed on my account is incorrect; it should be changed to 12345 instead.
I forgot the passcode for logging into my online account. What do I do to reset it?
I would like to change the password for my online login on your company's website.
There is an error in the passport number on my travel reservation; it should be AB1234567.
I believe there is an unauthorized Personal Identifying Number associated with my account.
I'm locked out of my email account because I forgot my password; can you assist me in recovering it? My email address is alexjohnson78@yahoo.com.
"Can you update the bank account information for the subscription to reflect the new account number, 2345678901?"
"The date of birth on file is incorrect and should be changed to November 12, 1999."
Could you please change my zip code in your system? The correct zip code is 90215 instead of the current one.
"Hi there, I need assistance with updating my email address on your website. The new email I want to use is johndoe65@gmail.com."
"I would like to change my date of birth on my account to July 15th, 1990."
Can you please help me change my zip code to 12345? I recently moved to a new location.
I need to update my bank account information for billing purposes. My account number is 9876543210.
"Sorry for the inconvenience, but I forgot the password for my account. Is there any way you can help me reset it?"
"Hi, I'm having trouble accessing my online account. Could you assist me in retrieving my passcode?"
Can you help me with changing my passport number in your system? It was recently renewed and the new number is X8753921.
"Hello, I need help updating my phone number on file. My new phone number is (860) 123-4567 with area code 860."
"I accidentally entered the wrong email address for my account, it should actually be sarahjackson@yahoo.com."
"My date of birth is currently listed incorrectly as December 30th, 1985 in your records and I need it changed to November 2nd, 1992."
Could you please assist me in updating my zip code? The correct one should be 54321.
"Hello, could you help me link a new bank account to my profile? The account number is 5489576532."
It looks like I've forgotten the password for my account and I can't seem to reset it myself. Can you provide assistance?
"I seem to have lost or misplaced my passcode details, is there a way for me to retrieve it with your help?"
"Hi, I recently got a new passport and my number has changed to G45918Can you please update it in your system?"
"My contact information has changed, and I need to update my phone number. The new number is (415) 444-5555 with area code 415."
"Sorry for the confusion, but I accidentally used the wrong email address during registration. The correct one is emilywilson@outlook.com."
"My date of birth is listed incorrectly as February 3rd, 1993 in your records. Can you please update it to August 19th, 1990?"
Can you assist me in correcting my zip code to the correct one? It should be 98765 instead of the current one listed.
"It seems that the bank account linked to my profile is incorrect, can you help me change it to a new account? The account number is 2345678901."
"Hi there, I'm unable to access my account as I can't remember my password. Is there any way I can retrieve or reset it?"
I am unable to recall my passcode details. Is there any way I can recover them with your assistance?
"Hey, I recently renewed my passport and have been assigned a new passport number. It is J7652109, could you please update it on your end?"
My phone number has changed and I need to update it in my account details. The new area code is (720) and the number is 555-1234.
"Apologies for the confusion, but the email address listed on my account is incorrect. Can you please update it to johnbrown@zoho.com?"
"The date of birth entered on my profile during registration is incorrect, it should actually be July 26th, 1988."
Could you please assist me in changing my zip code? The correct one is 54321 instead of the current listing.
"Hello, I need help adding a new bank account to my profile for transaction purposes. The account number I'd like to add is 8567145382."
I'm having trouble remembering the password for my account. Can you help me reset it or provide any assistance?
"Hi, it seems that I've misplaced or forgotten my passcode details. Is there any way for me to retrieve them with your assistance?"
"Sorry for the inconvenience, but due to a passport renewal, my passport number has been updated to L49023Can you please modify it in your records?"
My phone number has changed recently and I am unable to update it in my account settings. The new number is (615) 123-4567 with area code 615.
"I apologize for the confusion, but I accidentally registered with the wrong email address. Could you please update it to marywilson@outlook.com?"
"My date of birth is currently listed as September 30th, 1992 and there seems to be an error because it should be July 4th, 1985."
Is there a way for me to correct the zip code listed on my account? The correct one should be 98765 according to my new location.
"Hi there, my bank information needs to be updated due to a recent change. My new account number is 8639217405."
It appears that I've forgotten or misplaced my password for accessing my account. Could you please help me reset it?
"Sorry, but I can't seem update or recall my passcode details. Is there any way for you to assist me in retrieving them?"
"Hello, I recently got issued a new passport and it comes with a different passport number now. The updated number is W90315Could you please update it in your system?"
"Due to a recent move, I need to update my phone number on file. The new area code is (530) and the number is 555-6789."
"I realized that the email address registered with my account is incorrect. The correct one to use is johnsmith@gmail.com, can you update it for me?"
"There seems to be a discrepancy in the date of birth mentioned in my account details. It should actually reflect August 15th, 1982 instead of February 20th, 1990."
It seems like I entered the wrong zip code during registration. Can you please help me correct it? The right one should be 54321 according to my current residence.
"Hi, I need assistance in swapping my bank account details on record with a new account. The new account number is 6548291735."
"Unfortunately, I have forgotten the password for accessing my account and can no longer gain entry. Could you possibly help me reset it?"
"My passcode details seem to be unavailable to me at the moment, would it be possible for you to help me retrieve them?"
"Hey there, due to a recent renewal of my passport, my passport number has changed to M51934Can you kindly update it on your end?"
"I recently changed my phone number, and I need to update it in snatchbesâ€™ database. The new area code is (925) and the number is 555-9876."
"Apologies for any inconvenience, but there seems to have been an error in the email address listed for my account. Kindly update it to amytaylor@zoho.com."
"The provided date of birth mentioned on my account profile needs some correction. The correct one is July 10th, 1980 rather than September 20th, 1993."
"Hi, I need help with accessing my email account. The email address associated with it is johnsmith1982@gmail.com."
I forgot my date of birth registered on my account. It is 5th August 1990.
Can you assist me in changing my zip code on my account? My current zip code is 90210 but I moved to 10001 recently.
I need assistance updating the bank account linked to my profile. The current bank account number is XXXX-XXXX-XXXX-1234.
Can you help me recover my passcode? I can provide you with the correct password.
"I can't access my account using the password ""password123"". Can you assist me with resetting it?"
My passport has been stolen and I need to report it immediately. The passport number is A1234567.
I'm having trouble signing in and I believe it's because of an incorrect Personal Identification Number (PIN). My current PIN is 123456.
I need assistance changing the phone number linked to my account. The current phone number is (415) 567-1234 and I am switching it to (646) 789-5678.
Can you please help me recover my email? The associated username is jane.doe@yahoo.com.
"My address details need to be updated, specifically the zip code from 60601 to 75201."
I'm unable to access my banking app with the provided credentials. The account number has been entered as XXXX87654321 instead of the correct format.
Hi there! Could you please assist me in retrieving my forgotten passphrase for this platform?
"I think I have mistakenly shared my Personal Identifying Number (PIN) with someone else, and now I'm concerned about securing my information properly."
"Unfortunately, my passport photos came out blurry and they are not accepting it. The passport number is E43219Can you advise on what to do?"
I am having problems accessing my email using the provided passcode - 'sunshine246'. Can you assist me in resolving this issue?
I need some help with finding the bank account transactions for the month of November 20My bank account details end with '9876'.
"Hi, I am having difficulty updating my email address on the platform. The current email address is samantha2000@zoho.com and I would like to change it to newemail456@outlook.com."
Hello! I've lost the piece of paper where I wrote down my password for this website.
I just realized that my date of birth registered with the system is incorrect. It should be 28th June 1985 instead of 2021.
The account number provided for invoice payment seems to be incorrect as it's displaying as '9876543210'. Please advise on how to rectify this issue.
"Can you help me recover my passcode? It should be something related to my pet's name, but I'm unable to access it right now."
"Hi, I'm unable to transfer funds using my Bank's mobile app from my account ending with '7890'. Could you please guide me on resolving this issue?"
The passport issued in 1988 has already expired and needs to be updated in system records. The passport number was AB87329102.
"Can you please assist me in changing my address? I have moved to a new city and now reside at 123 Main Street, Chicago, Illinois."
Hi! It seems like someone may have gained access to my bank account as there have been unauthorized transactions made recently from XXXX-XXXX-XXXX-5678.
I believe I might have mistakenly shared my password for this platform with someone who wasn't supposed to have access to it.
Can you help me reset the password for my account? The current password is 'abcd1234'.
"I think I may have misplaced some important documents, including my Personal Identifying Number (PIN) for this account."
"Hi, my email address is registered on an old domain name that no longer exists. Can you help me transfer it to a new email domain like outlook.com?"
Can you please help me access my bank statement for the month of December 2021? My bank account number ends with '5678'.
"Hi, I'm facing trouble updating my zip code on my profile as it is not reflecting the correct value."
It seems like I've forgotten the phone passcode for my device because I've entered random codes in an attempt to unlock it.
"Hello, can you please assist me in recovering my forgotten passphrase for accessing this website's features and services?"
I need help changing my passport details on file because I received an updated one with the numbers 'B0987654'.
Can you assist me in generating a new passcode for my account? I accidentally locked it since trying multiple without success.
Can you help me update my date of birth as it was mistakenly recorded as 1st January 2000 instead of 15th June 1989?
I need assistance in changing the zip code listed on my account profile from 12345 to 54321.
Hi there! My bank card has been lost or stolen and it's linked to the savings account associated with number XXXX12345678.
It appears that someone has gained unauthorized access to my email account as all the emails seem to be marked as read and many are missing.
Could you please assist me in recovering my registered passcode to unlock my phone? I am unable to remember it at the moment.
"Hi, I'm trying to add my new phone number to the account but getting an error message that it doesn't match my records. The new number is (210) 987-6543."
"I believe I might have misunderstood the instructions on setting a new Personal Identifying Number (PIN), as it's not granting access to my bank account."
Can you please assist with updating my email address from johndoe@yahoo.com to officialjohndoe@gmail.com?
Hello! I would like to request an extension on my passport expiration as I am planning to travel soon and it expires next month. The current passport number is C0912835-8769.
"I've misplaced the paper where I wrote down the passcode for this website, and now I can't log in. Please help me retrieve or reset it."
My date of birth has been entered incorrectly in the system and I am unable to access certain features which require verification using accurate personal details.
Assistance is needed in rectifying a typo in the zip code listed under my profile. It currently states 90201 instead of the correct 92101.
"Hi, there seems to be unusual activity on my bank account ending with '4321'. Can you check for any unauthorized transactions or changes?"
Can you help me retrieve my passport number? I misplaced the document and need to provide the information for an upcoming trip abroad.
"Hi, I need some assistance with my account. My email address is johndoe@gmail.com."
"I'm having trouble accessing my account. My date of birth is March 15, 1985."
I forgot my password and need help resetting it. My zip code is 12345.
I need to update my bank account information. My account number is 987654321.
I'm having trouble logging in. My passcode is 246813.
I can't remember my password. My passport number is AB1234567.
I need help with my account. My email address is sarahsmith@yahoo.com.
"I'm having trouble accessing my account. My date of birth is September 10, 1990."
I forgot my password and need assistance. My zip code is 54321.
I need to update my bank account information. My account number is 654321987.
I'm having trouble logging in. My passcode is 135792.
I can't remember my password. My passport number is CD9876543.
"Hi, I need some help with my account. My email address is johndoe@outlook.com."
"I'm having difficulty accessing my account. My date of birth is May 20, 1988."
I forgot my password and need it reset. My zip code is 98765.
I need to update my bank account information. My account number is 123456789.
I'm having trouble logging in. My passcode is 987654.
I can't remember my password. My passport number is EF5432198.
I need assistance with my account. My email address is sarahsmith@zoho.com.
"I'm having issues accessing my account. My date of birth is July 25, 1995."
I forgot my password and need help resetting it. My zip code is 56789.
I need to update my bank account information. My account number is 789654321.
I'm having trouble logging in. My passcode is 369852.
I can't remember my password. My passport number is GH8765432.
"Hi, I need some assistance with my account. My email address is johndoe@gmail.com."
"I'm having trouble accessing my account. My date of birth is March 15, 1985."
I forgot my password and need help resetting it. My zip code is 12345.
I need to update my bank account information. My account number is 987654321.
I'm having trouble logging in. My passcode is 246813.
I can't remember my password. My passport number is AB1234567.
I need help with my account. My email address is sarahsmith@yahoo.com.
"I'm having trouble accessing my account. My date of birth is September 10, 1990."
I forgot my password and need assistance. My zip code is 54321.
I need to update my bank account information. My account number is 654321987.
I'm having trouble logging in. My passcode is 135792.
I can't remember my password. My passport number is CD9876543.
"Hi, I need some help with my account. My email address is johndoe@outlook.com."
"I'm having difficulty accessing my account. My date of birth is May 20, 1988."
I forgot my password and need it reset. My zip code is 98765.
I need to update my bank account information. My account number is 123456789.
I'm having trouble logging in. My passcode is 987654.
I can't remember my password. My passport number is EF5432198.
I need assistance with my account. My email address is sarahsmith@zoho.com.
"I'm having issues accessing my account. My date of birth is July 25, 1995."
I forgot my password and need help resetting it. My zip code is 56789.
I need to update my bank account information. My account number is 789654321.
I'm having trouble logging in. My passcode is 369852.
I can't remember my password. My passport number is GH8765432.
"Hi, I need some assistance with my account. My email address is johndoe@gmail.com."
"I'm having trouble accessing my account. My date of birth is March 15, 1985."
I forgot my password and need help resetting it. My zip code is 12345.
I need to update my bank account information. My account number is 987654321.
I'm having trouble logging in. My passcode is 246813.
I can't remember my password. My passport number is AB1234567.
I need help with my account. My email address is sarahsmith@yahoo.com.
"I'm having trouble accessing my account. My date of birth is September 10, 1990."
I forgot my password and need assistance. My zip code is 54321.
I need to update my bank account information. My account number is 654321987.
I'm having trouble logging in. My passcode is 135792.
I can't remember my password. My passport number is CD9876543.
"Hi, I need some help with my account. My email address is johndoe@outlook.com."
"I'm having difficulty accessing my account. My date of birth is May 20, 1988."
I forgot my password and need it reset. My zip code is 98765.
I need to update my bank account information. My account number is 123456789.
I'm having trouble logging in. My passcode is 987654.
I can't remember my password. My passport number is EF5432198.
I need assistance with my account. My email address is sarahsmith@zoho.com.
"I'm having issues accessing my account. My date of birth is July 25, 1995."
I forgot my password and need help resetting it. My zip code is 56789.
I need to update my bank account information. My account number is 789654321.
I'm having trouble logging in. My passcode is 369852.
I can't remember my password. My passport number is GH8765432.
"Hi, I need some assistance with my account. My email address is johndoe@gmail.com."
"I'm having trouble accessing my account. My date of birth is March 15, 1985."
I forgot my password and need help resetting it. My zip code is 12345.
I need to update my bank account information. My account number is 987654321.
I'm having trouble logging in. My passcode is 246813.
I can't remember my password. My passport number is AB1234567.
I need help with my account. My email address is sarahsmith@yahoo.com.
"I'm having trouble accessing my account. My date of birth is September 10, 1990."
I forgot my password and need assistance. My zip code is 54321.
I need to update my bank account information. My account number is 654321987.
I'm having trouble logging in. My passcode is 135792.
I can't remember my password. My passport number is CD9876543.
"Hi, I need some help with my account. My email address is johndoe@outlook.com."
"I'm having difficulty accessing my account. My date of birth is May 20, 1988."
I forgot my password and need it reset. My zip code is 98765.
I need to update my bank account information. My account number is 123456789.
I'm having trouble logging in. My passcode is 987654.
I can't remember my password. My passport number is EF5432198.
I need assistance with my account. My email address is sarahsmith@zoho.com.
"I'm having issues accessing my account. My date of birth is July 25, 1995."
I forgot my password and need help resetting it. My zip code is 56789.
I need to update my bank account information. My account number is 789654321.
I'm having trouble logging in. My passcode is 369852.
I can't remember my password. My passport number is GH8765432.
"Hi, I need some assistance with my account. My email address is johndoe@gmail.com."
"I'm having trouble accessing my account. My date of birth is March 15, 1985."
I forgot my password and need help resetting it. My zip code is 12345.
I need to update my bank account information. My account number is 987654321.
"Hi, I need some assistance with my account. My email address is johndoe@gmail.com."
"I'm having trouble accessing my account. My date of birth is March 15, 1985."
I forgot my password and need help resetting it. My zip code is 12345.
I need to update my bank account information. My account number is 987654321.
I'm having trouble logging in. My passcode is 246813.
I can't remember my password. My passport number is AB1234567.
I need help with my account. My email address is sarahsmith@yahoo.com.
"I'm having trouble accessing my account. My date of birth is September 10, 1990."
I forgot my password and need assistance. My zip code is 54321.
I need to update my bank account information. My account number is 654321987.
I'm having trouble logging in. My passcode is 135792.
I can't remember my password. My passport number is CD9876543.
"Hi, I need some help with my account. My email address is johndoe@outlook.com."
"I'm having difficulty accessing my account. My date of birth is May 20, 1988."
I forgot my password and need it reset. My zip code is 98765.
I need to update my bank account information. My account number is 123456789.
I'm having trouble logging in. My passcode is 987654.
I can't remember my password. My passport number is EF5432198.
I need assistance with my account. My email address is sarahsmith@zoho.com.
"I'm having issues accessing my account. My date of birth is July 25, 1995."
I forgot my password and need help resetting it. My zip code is 56789.
I need to update my bank account information. My account number is 789654321.
I'm having trouble logging in. My passcode is 369852.
I can't remember my password. My passport number is GH8765432.
"Hi, I need some assistance with my account. My email address is johndoe@gmail.com."
"I'm having trouble accessing my account. My date of birth is March 15, 1985."
I forgot my password and need help resetting it. My zip code is 12345.
I need to update my bank account information. My account number is 987654321.
I'm having trouble logging in. My passcode is 246813.
I can't remember my password. My passport number is AB1234567.
I need help with my account. My email address is sarahsmith@yahoo.com.
"I'm having trouble accessing my account. My date of birth is September 10, 1990."
I forgot my password and need assistance. My zip code is 54321.
I need to update my bank account information. My account number is 654321987.
I'm having trouble logging in. My passcode is 135792.
I can't remember my password. My passport number is CD9876543.
"Hi, I need some help with my account. My email address is johndoe@outlook.com."
"I'm having difficulty accessing my account. My date of birth is May 20, 1988."
I forgot my password and need it reset. My zip code is 98765.
I need to update my bank account information. My account number is 123456789.
I'm having trouble logging in. My passcode is 987654.
I can't remember my password. My passport number is EF5432198.
I need assistance with my account. My email address is sarahsmith@zoho.com.
"I'm having issues accessing my account. My date of birth is July 25, 1995."
I forgot my password and need help resetting it. My zip code is 56789.
I need to update my bank account information. My account number is 789654321.
I'm having trouble logging in. My passcode is 369852.
I can't remember my password. My passport number is GH8765432.
"Hi, I need some assistance with my account. My email address is johndoe@gmail.com."
"I'm having trouble accessing my account. My date of birth is March 15, 1985."
I forgot my password and need help resetting it. My zip code is 12345.
I need to update my bank account information. My account number is 987654321.
I'm having trouble logging in. My passcode is 246813.
I can't remember my password. My passport number is AB1234567.
I need help with my account. My email address is sarahsmith@yahoo.com.
"I'm having trouble accessing my account. My date of birth is September 10, 1990."
I forgot my password and need assistance. My zip code is 54321.
I need to update my bank account information. My account number is 654321987.
I'm having trouble logging in. My passcode is 135792.
I can't remember my password. My passport number is CD9876543.
"Hi, I need some help with my account. My email address is johndoe@outlook.com."
"I'm having difficulty accessing my account. My date of birth is May 20, 1988."